{
  "name": "lg-pager",
  "version": "1.0.2",
  "description": "Pager module for lightgallery.",
  "main": [
    "dist/lg-pager.min.js"
  ],
  "keywords": [
    "gallery",
    "lightbox",
    "image",
    "youtube",
    "vimeo"
  ],
  "authors": [
    "Sachin N <sachi77n@gmail.com>"
  ],
  "homepage": "http://sachinchoolur.github.io/lightGallery/",
  "repository": {
    "type": "git",
    "url": "git://github.com/sachinchoolur/lg-pager.git"
  },
  "dependencies": {
    "jquery": ">=1.7.0"
  },
  "license": "GPLv3",
  "ignore": [
    "README.md"
  ],
  "_release": "1.0.2",
  "_resolution": {
    "type": "version",
    "tag": "1.0.2",
    "commit": "ac2b809547e7983be6ccb526062589f0c6bc788f"
  },
  "_source": "https://github.com/sachinchoolur/lg-pager.git",
  "_target": "^1.0.2",
  "_originalSource": "lg-pager",
  "_direct": true
}